{
    "name": "迥星港-2",
    "author": "雪见璃，MaximPlayer",
    "start": [
        {"map": 1},
        {"temp\\map_3-2_point_3.jpg": 1.5},
        {"temp\\transfer.jpg": 1.5}
    ],
    "map": [
        {
            "s": 2.0
          },
          {
            "a": 1.5
          },
          {
            "fighting": 2
          },
          {
            "d": 3.7
          },
          {
            "fighting": 1
          },
          {
            "s": 1.5
          },
          {
            "fighting": 2
          },
          {
            "s": 3.0
          },
          {
            "w": 1.0
          },
          {
            "a": 2.0
          },
          {
            "s": 5.0
          },
          {
            "w": 1.0
          },
          {
            "d": 6.0
          },
          {
            "fighting": 2
          },
          {
            "d": 1.0
          },
          {
            "a": 1.0
          },
          {
            "w": 5.0
          },
          {
            "fighting": 1
          },
          {
            "w": 2.0
          },
          {
            "fighting": 1
          },
          {
            "w": 2.0
          },
          {
            "fighting": 1
          }
    ]
}