{
    "name": "迥星港-5",
    "author": "雪见璃",
    "start": [
        {"map": 1},
        {"picture\\map_3-2_point_5.png": 1.5},
        {"picture\\transfer.jpg": 1.5}
    ],
    "map": [
        {
            "w": 2.244940996170044
          },
          {
            "d": 1.7590868473052979
          },
          {
            "s": 4.913206100463867
          },
          {
            "fighting": 2
          },
          {
            "s": 1.3152952194213867
          },
          {
            "w": 0.7955877780914307
          },
          {
            "a": 1.5380985736846924
          },
          {
            "s": 1.1722667217254639
          },
          {
            "a": 0.8848063945770264
          },
          {
            "a": 2.101428270339966
          },
          {
            "a": 1.6590137481689453
          },
          {
            "s": 0.8850955963134766
          },
          {
            "w": 0.5968666076660156
          },
          {
            "a": 2.476841688156128
          },
          {
            "a": 0.8174939155578613
          },
          {
            "d": 0.47487401962280273
          },
          {
            "s": 2.3207412719726562
          },
          {
            "a": 0.7316452980041504
          },
          {
            "fighting": 1
          },
          {
            "a": 0.9316452980041504
          },
          {
            "s": 1.7366986274719238
          },
          {
            "fighting": 1
          },
          {
            "s": 0.9063980579376221
          },
          {
            "a": 1.5931634902954102
          },
          {
            "d": 0.3973426818847656
          },
          {
            "s": 2.4070613384246826
          },
          {
            "a": 1.558401346206665
          },
          {
            "w": 0.9062771797180176
          },
          {
            "s": 0.4753248691558838
          },
          {
            "a": 4.1037938594818115
          },
          {
            "d": 0.7202532291412354
          },
          {
            "s": 1.8924460411071777
          },
          {
            "d": 0.8974506855010986
          },
          {
            "fighting": 1
          },
          {
            "a": 1.9684786796569824
          },
          {
            "d": 0.5204262733459473
          },
          {
            "w": 2.0901310443878174
          },
          {
            "d": 2.853151798248291
          },
          {
            "w": 1.038893699645996
          },
          {
            "s": 0.44185352325439453
          },
          {
            "d": 1.6813905239105225
          },
          {
            "s": 4.193014860153198
          },
          {
            "fighting": 2
          },
          {
            "w": 0.7857272624969482
          },
          {
            "d": 6.205993175506592
          },
          {
            "fighting": 2
          },
          {
            "d": 0.5758774280548096
          },
          {
            "s": 1.4931492805480957
          },
          {
            "w": 0.752295732498169
          },
          {
            "d": 2.8107171058654785
          },
          {
            "fighting": 1
          },
          {
            "d": 1.1277287006378174
          },
          {
            "w": 1.6243486404418945
          },
          {
            "fighting": 1
          },
          {
            "fighting": 2
          }
    ]
}