{
  "name": "迥星港-3",
  "author": "夜里无星,StarryWind,MaximPlayer",
  "start": [
    {
      "map": 1
    },
    {
      "temp\\map_3-2_point_4.png": 1.5
    },
    {
      "temp\\transfer.jpg": 1.5
    }
  ],
  "map": [
    {
      "a": 1.0
    },
    {
      "w": 2.0
    },
    {
      "d": 6.0
    },
    {
      "w": 1.0
    },
    {
      "fighting": 2
    },
    {
      "fighting": 1
    },
    {
      "fighting": 2
    },
    {
      "a": 1.7
    },
    {
      "w": 7.0
    },
    {
      "s": 1.7
    },
    {
      "a": 1.5
    },
    {
      "w": 0.3
    },
    {
      "a": 7.5
    },
    {
      "fighting": 2
    },
    {
      "d": 1.3
    },
    {
      "s": 3.3
    },
    {
      "fighting": 1
    },
    {
      "fighting": 2
    },
    {
      "d": 3.5
    },
    {
      "fighting": 1
    },
    {
      "a": 0.5
    },
    {
      "s": 3.5
    },
    {
      "w": 0.3
    },
    {
      "a": 2.7
    },
    {
      "w": 1.5
    },
    {
      "s": 1.8
    },
    {
      "d": 4.0
    },
    {
      "fighting": 2
    },
    {
      "a": 2.0
    },
    {
      "w": 0.3
    },
    {
      "a": 2.0
    },
    {
      "w": 0.5
    },
    {
      "a": 2.0
    },
    {
      "w": 0.7
    },
    {
      "a": 2.0
    },
    {
      "fighting": 1
    },
    {
      "a": 2.0
    },
    {
      "fighting": 1
    },
    {
      "a": 2.5
    },
    {
      "w": 3.0
    },
    {
      "a": 1.0
    },
    {
      "w": 5.0
    },
    {
      "s": 0.8
    },
    {
      "a": 2.3
    },
    {
      "fighting": 1
    },
    {
      "d": 2.8
    },
    {
      "s": 4.5
    },
    {
      "a": 5.0
    },
    {
      "fighting": 2
    },
    {
      "d": 0.5
    },
    {
      "s": 3.5
    },
    {
      "a": 0.3
    },
    {
      "s": 3.0
    },
    {
      "d": 0.8
    },
    {
      "fighting": 2
    },
    {
      "s": 0.5
    },
    {
      "d": 0.5
    },
    {
      "s": 3.0
    },
    {
      "fighting": 2
    },
    {
      "fighting": 1
    },
    {
      "fighting": 2
    },
    {
      "fighting": 2
    },
    {
      "d": 2.8
    },
    {
      "s": 4.3
    },
    {
      "a": 0.7
    },
    {
      "s": 3.5
    },
    {
      "d": 0.5
    },
    {
      "s": 1.5
    },
    {
      "fighting": 2
    },
    {
      "fighting": 2
    },
    {
      "s": 2.5
    },
    {
      "d": 4.0
    },
    {
      "w": 0.3
    },
    {
      "d": 8.0
    },
    {
      "fighting": 2
    }
  ]
}
