{
    "name": "工造司-4",
    "author": "雪见璃",
    "start": [
        {"map": 1},
        {"temp\\map_3-4_point_3.png": 1.5},
        {"temp\\transfer.jpg": 1.5}
    ],
    "map": [
      {
        "w": 6.0950140953063965
      },
      {
        "d": 2.0148799419403076
      },
      {
        "w": 1.0506229400634766
      },
      {
        "s": 0.9072425365447998
      },
      {
        "d": 5.208956718444824
      },
      {
        "fighting": 1
      }
      
    ]
}
