{
    "name": "迥星港-1",
    "author": "雪见璃，MaximPlayer",
    "start": [
        {"map": 1},
        {"temp\\orientation_1.jpg": 1.5},
        {"temp\\orientation_4.png": 1.5},
        {"temp\\map_3-2.png": 2},
        {"temp\\map_3-2_point_1.png": 1.5},
        {"temp\\map_3-2_point_2.png": 1.5},
        {"temp\\transfer.jpg": 1.5}
    ],
    "map": [
        {
            "w": 1.7920374870300293
          },
          {
            "d": 2.5443813800811768
          },
          {
            "w": 0.98634839057922363
          },
          {
            "d": 3.5
          },
          {
            "w": 2.5
          },
          {
            "a": 1.5
          },
          {
            "d": 3.0
          },
          {
            "w": 1.5
          },
          {
            "d": 0.5
          },
          {
            "w": 0.35
          },
          
          {
            "fighting": 2
          },
          {
            "a": 4.5
          },
          {
            "fighting": 1
          },
          {
            "a": 4.8
          },
          {
            "s": 0.5
          },
          {
            "a": 4.0
          },
          {
            "s": 5.5
          },
          {
            "fighting": 2
          },
          {
            "d": 3.5
          },
          {
            "w": 1.0
          },
          {
            "a": 0.5
          },
          {
            "w": 3.0
          },
          {
            "a": 0.5
          },
          {
            "w": 2.5
          },
          {
            "fighting": 1
          },
          {
            "d": 3.0
          },
          {
            "fighting": 1
          },
          {
            "w": 1.0
          },
          {
            "d": 6.0
          },
          {
            "fighting": 2
          },
          {
            "w": 0.5
          },
          {
            "fighting": 2
          },
          {
            "a": 10.0
          },
          {
            "d": 2.0
          },
          {
            "w": 2.0
          },
          {
            "fighting": 1
          },
          {
            "d": 1.5
          },
          {
            "d": 3.0
          },
          {
            "w": 2.3
          },
          {
            "a": 1.0
          },
          {
            "s": 0.3
          },
          {
            "a": 4.5
          },
          {
            "s": 2.0
          },
          {
            "fighting": 1
          }
    ]
}
