{
    "name": "残响回廊-1",
    "author": "Starry-Wind,小明",
    "start": [
        {"map": 1},
        {"picture\\orientation_1.png": 1.5},
        {"picture\\orientation_3.png": 1.5},
        {"picture\\map_2-3.jpg": 2},
        {"picture\\map_2-3_point_1.jpg": 1.5},
        {"picture\\transfer.jpg": 1.5}
    ],
    "map": [
        {
            "fighting": 2
        },
        {
            "w": 1.5443315029144287
        },
        {
            "d": 1.5763235092163086
        },
        {
            "w": 8.520758485794067
        },
        {
            "a": 1.064765548706054
        },
        {
            "fighting": 2
        },
        {
            "fighting": 1
        }
    ]
}