{
    "name": "城郊雪原-2",
    "author": "Starry-Wind,小明",
    "start": [
        {"map": 1},
        {"temp\\map_2-1_point_2.jpg": 1.5},
        {"temp\\transfer.jpg": 1.5}
    ],
    "map": [
        {
            "s": 1.042952108383179
        },
        {
            "a": 13.742952108383179
        },
        {
            "w": 1.584068298339844
        },
        {
            "fighting": 2
        },
        {
            "fighting": 1
        },
        {
            "s": 4.556432485580444
        },
        {
            "fighting": 1
        }
    ]
}