{
    "name": "太卜司-1",
    "author": "雪见璃,夜里无星,MaximPlayer",
    "start": [
        {
            "map": 1
        },
        {
            "temp\\orientation_1.jpg": 1.5
        },
        {
            "temp\\orientation_4.png": 1.5
        },
        {
            "temp\\map_3-3.png": 2
        },
        {
            "temp\\map_3-3_point_4.png": 1.5
        },
        {
            "temp\\map_3-3_point_5.png": 1.5
        },
        {
            "temp\\transfer.jpg": 1.5
        }
    ],
    "map": [
        
      {
        "d": 2.3
      },
      {
        "w": 5.5
      },
      {
        "d": 0.3
      },
      {
        "fighting": 2
      },
      {
        "s": 3.2
      },
      {
        "a": 1.7
      },
      {
        "s": 0.5
      },
      {
        "a": 4.0
      },
      {
        "s": 2.0
      },
      {
        "a": 1.5
      },
      {
        "w": 0.3
      },
      {
        "a": 1.5
      },
      {
        "s": 0.3
      },
      {
        "a": 1.7
      },
      {
        "s": 3.5
      },
      {
        "fighting": 2
      }
    ]
}
