{
    "name": "太卜司-4",
    "author": "MaximPlayer",
    "start": [
        {"map": 1},
        {"temp\\map_3-3_point_4.png": 1.5},
        {"temp\\transfer.jpg": 1.5}
    ],
    "map": [
        {
          "s": 10.0
        },
        {
          "d": 2.0
        },
        {
          "fighting": 2
        },
        {
          "a": 2.1
        },
        {
          "s": 4.0
        },
        {
          "fighting": 2
        },
        {
          "fighting": 1
        },
        {
          "d": 2.0
        },
        {
          "s": 3.5
        },
        {
          "fighting": 1
        },
        {
          "s": 2.0
        },
        {
          "a": 2.0
        },
        {
          "w": 2.0
        },
        {
          "a": 3.0
        },
        {
          "w": 1.0
        },
        {
          "a": 6.0
        },
        {
          "fighting": 2
        },
        {
          "fighting": 1
        },
        {
          "a": 4.0
        },
        {
          "fighting": 2
        },
        {
          "d": 4.82
        },
        {
          "s": 3.0
        },
        {
          "fighting": 2
        },
        {
          "s": 5.0
        },
        {
          "a": 0.2
        },
        {
          "s": 3.0
        },
        {
          "w": 0.2
        },
        {
          "a": 2.0
        },
        {
          "fighting": 2
        },
        {
          "w": 4.0
        },
        {
          "s": 1.3
        },
        {
          "d": 7.0
        },
        {
          "fighting": 2
        },
        {
          "s": 4.0
        },
        {
          "d": 8.0
        },
        {
          "a": 2.0
        },
        {
          "w": 0.85
        },
        {
          "d": 3.0
        },
        {
          "fighting": 2
        },
        {
          "d": 1.5
        },
        {
          "fighting": 1
        },
        {
          "a": 6.8
        },
        {
          "s": 4.0
        },
        {
          "fighting": 1
        },
        {
          "s": 1.0
        },
        {
          "a": 1.5
        },
        {
          "s": 1.5
        },
        {
          "fighting": 2
        }
        
    ]
}
