{
    "name": "太卜司-2",
    "author": "雪见璃,夜里无星,MaximPlayer",
    "start": [
        {"map": 1},
        {"temp\\map_3-3_point_6_max.png": 1.5},
        {"temp\\transfer.jpg": 1.5}
    ],
    "map": [
        {
            "s": 9.5
        },
        {
            "w": 0.23
        },
        {
            "d": 1.2
        },
        {
          "fighting": 1
        },
        {
            "s": 1.5
        },
        {
          "fighting": 1
        },
        {
            "s": 4.4
        },
        {
            "a": 2.0
        },
        {
          "fighting": 1
        },
        {
            "a": 2.0
        },
        {
          "fighting": 2
        },
        {
          "fighting": 1
        },
        {
            "a": 2.0
        },
        {
            "d": 5.0
        },
        {
            "w": 4.0
        },
        {
            "d": 2.85
        },
        {
            "s": 7.0
        },
        {
            "w": 0.23
        },
        {
            "d": 4.0
        },
        {
          "fighting": 2
        },
        {
            "w": 2.5
        },
        {
            "d": 4.0
        },
        {
            "s": 0.85
        },
        {
            "d": 4.0
        },
        {
            "a": 1.0
        },
        {
            "s": 0.55
        },
        {
            "d": 9.0
        },
        {
            "w": 1.4
        },
        {
            "d": 2.0
        },
        {
          "fighting": 1
        },
        {
            "d": 0.85
        },
        {
          "fighting": 2
        },
        {
            "w": 2.5
        },
        {
            "d": 1.5
        },
        {
            "w": 4.0
        },
        {
            "s": 0.85
        },
        {
            "d": 0.3
        },
        {
            "f": 0.1
        },
        {
            "w": 3.0
        },
        {
            "w": 3.0
        },
        {
            "a": 0.3
        },
        {
            "w": 5.0
        },
        {
            "a": 1.0
        },
        {
            "w": 1.75
        },
        {
          "fighting": 2
        },
        {
            "a": 3.9
        },
        {
            "w": 3.0
        },
        {
            "a": 1.4
        },
        {
            "w": 4.7
        },
        {
            "a": 3.0
        },
        {
          "fighting": 2
        },
        {
            "a": 2.0
        },
        {
          "fighting": 1
        },
        {
            "s": 1.0
        },
        {
          "fighting": 2
        },
        {
            "s": 1.0
        },
        {
          "d": 4.0
        },
        {
          "w": 1.0
        },
        {
          "a": 0.3
        },
        {
          "w": 0.5
        },
        {
          "d": 6.0
        },
        {
          "s": 1.0
        },
        {
          "d": 2.0
        },
        {
          "s": 3.5
        },
        {
          "d": 1.0
        },
        {
          "w": 5.0
        },
        {
          "d": 1.0
        },
        {
          "w": 4.0
        },
        {
          "d": 1.0
        },
        {
          "s": 0.5
        },
        {
          "d": 1.0
        },
        {
          "w": 3.5
        },
        {
          "fighting": 1
        },
        {
          "w": 2.5
        },
        {
          "a": 3.0
        },
        {
          "d": 0.5
        },
        {
          "s": 0.35
        },
        {
          "a": 5.0
        },
        {
          "d": 1.0
        },
        {
          "w": 6.0
        },
        {
          "a": 3.5
        },
        {
          "s": 1.5
        },
        {
          "fighting": 2
        },
        {
          "d": 5.0
        },
        {
          "s": 7.0
        },
        {
          "a": 3.0
        },
        {
          "d": 4.0
        },
        {
          "a": 1.0
        },
        {
          "s": 0.25
        },
        {
          "d": 8.0
        },
        {
          "s": 0.5
        },
        {
          "d": 4.0
        },
        {
          "w": 8.0
        },
        {
          "fighting": 1
        },
        {
          "s": 3.0
        },
        {
          "d": 2.0
        },
        {
          "s": 2.0
        },
        {
          "fighting": 1
        },
        {
          "w": 1.0
        },
        {
          "a": 5.0
        },
        {
          "s": 4.0
        },
        {
          "d": 1.0
        },
        {
          "s": 9.5
        },
        {
          "w": 1.0
        },
        {
          "d": 7.0
        },
        {
          "s": 7.0
        },
        {
          "d": 7.0
        },
        {
          "fighting": 2
        }
    ]
}
