{
    "name": "流云渡-2",
    "author": "雪见璃,小明",
    "start": [
        {"map": 1},
        {"picture\\map_3-1_point_2.png": 1.5},
        {"picture\\transfer.jpg": 1.5}
    ],
    "map": [
        {
            "w": 5.6645214557647705
          },
          {
            "s": 1.82515549659729
          },
          {
            "d": 2.3662979125976562
          },
          {
            "d": 0.05660820007324219
          },
          {
            "d": 0.6759192943572998
          },
          {
            "w": 2.3014771938323975
          },
          {
            "fighting": 2
          },
          {
            "a": 0.7540072441101074
          },
          {
            "s": 4.016453742980957
          },
          {
            "s": 4.281276226043701
          },
          {
            "fighting": 1
          },
          {
            "d": 0.8728547096252441
          },
          {
            "s": 1.2610576152801514
          },
          {
            "fighting": 2
          },
          {
            "fighting": 1
          }
    ]
}