{
    "name": "迥星港-2",
    "author": "雪见璃",
    "start": [
        {"map": 1},
        {"picture\\map_3-2_point_3.png": 1.5},
        {"picture\\transfer.jpg": 1.5}
    ],
    "map": [
        {
            "s": 3.473151683807373
          },
          {
            "w": 0.9960603713989258
          },
          {
            "a": 1.9804043769836426
          },
          {
            "fighting": 2
          },
          {
            "d": 3.505360460281372
          },
          {
            "w": 0.508840799331665
          },
          {
            "d": 1.5493035316467285
          },
          {
            "s": 1.5110361576080322
          },
          {
            "fighting": 1
          },
          {
            "w": 1.5110361576080322
          },
          {
            "d": 1.8582782745361328
          },
          {
            "d": 0.3757600784301758
          },
          {
            "a": 1.2844717502593994
          },
          {
            "s": 2.5110361576080322
          },
          {
            "a": 2.754441499710083
          },
          {
            "fighting": 2
          },
          {
            "d": 0.8402547836303711
          },
          {
            "s": 2.1230998039245605
          },
          {
            "a": 2.5780956745147705
          },
          {
            "d": 0.984764575958252
          },
          {
            "s": 2.566118001937866
          },
          {
            "s": 0.753063440322876
          },
          {
            "d": 1.8587226867675781
          },
          {
            "w": 0.6412811279296875
          },
          {
            "d": 3.1729273796081543
          },
          {
            "d": 0.35331296920776367
          },
          {
            "w": 1.5494723320007324
          },
          {
            "a": 1.682945728302002
          },
          {
            "d": 0.5419800281524658
          },
          {
            "w": 2.4456191062927246
          },
          {
            "fighting": 1
          },
          {
            "w": 3.817258596420288
          },
          {
            "fighting": 1
          }
    ]
}