{
    "name": "大矿区-5",
    "author": "Lhy",
    "start": [
        {"map": 1},
        {"temp\\map_2-5_point_4.png": 1.5},
        {"temp\\map_2-5_point_5.png": 1.5},
        {"temp\\transfer.jpg": 1.5}
    ],
    "map": [
        {
            "a": 0.95
        },
        {
            "w": 1.63
        },
        {
            "a": 1.5
        },
        {
            "w": 3.5
        },
        {
            "a": 4
        },
        {
            "s": 1
        },
        {
            "a": 1.5
        },
        {
            "w": 4
        },
        {
            "a": 1.6
        },
        {
            "d": 0.5
        },
        {
            "w": 2
        },
        {
            "d": 1.4
        },
        {
            "w": 0.5
        },
        {
            "fighting": 1
        }
    ]
}