{
    "name": "工造司-3",
    "author": "雪见璃,小明",
    "start": [
        {"map": 1},
        {"temp\\map_3-4_point_3.png": 1.5},
        {"temp\\transfer.jpg": 1.5}
    ],
  "map": [
    {
      "w": 10.583725452423096
    },
    {
      "a": 0.7105636596679688
    },
    {
      "s": 1.5517361164093018
    },
    {
      "fighting": 2
    },
    {
      "fighting": 1
    },
    {
      "w": 2.308000898361206
    },
    {
      "d": 4.695577383041382
    },
    {
      "w": 6.3820356369018555
    },
    {
      "d": 1.5035018920898438
    },
    {
      "s": 0.6936166763305664
    },
    {
      "fighting": 2
    },
    {
      "fighting": 1
    }
  ]
}