{
    "name": "收容舱段-3",
    "author": "Starry-Wind,小明",
    "start": [
        {"map": 1},
        {"temp\\map_1-2_point_1.jpg": 1.5},
        {"temp\\transfer.jpg": 1.5}
    ],
  "map": [
    {
      "s": 3.0917402267456055
    },
    {
      "fighting": 1
    },
    {
      "w": 7.1732683181762695
    },
    {
      "a": 0.4503087615966797
    },
    {
      "w": 1.6254512310028076
    },
    {
      "a": 1.7163093566894531
    },
    {
      "w": 0.8761659622192383
    },
    {
      "fighting": 1
    },
    {
      "w": 8.979919910430908
    },
    {
      "a": 11.730768461227417
    },
    {
      "s": 2.530768461227417
    },
    {
      "d": 0.720768461227417
    },
    {
      "s": 1.701993818283081
    },
    {
      "a": 2.101474142074585
    },
    {
      "w": 1.0379755020141602
    },
    {
      "fighting": 1
    },
    {
      "fighting": 1
    }
  ]
}