{
  "name": "城郊雪原-1",
  "author": "Starry-Wind,小明",
  "start": [
    {"map": 1},
    {"temp\\orientation_1.jpg": 1.5},
    {"temp\\orientation_3.jpg": 1.5},
    {"temp\\map_2-1.jpg": 2},
    {"temp\\map_2-1_point_1.jpg": 1.5},
    {"temp\\transfer.jpg": 1.5}
  ],
  "map": [
    {
      "s": 1.924200534820557
    },
    {
      "a": 4.004200534820557
    },
    {
      "fighting": 1
    },
    {
      "a": 1.924200534820557
    },
    {
      "s": 4.016192722320557
    },
    {
      "a": 4.316192722320557
    },
    {
      "w": 7.528953742980957
    },
    {
      "d": 1.7891059398651123
    },
    {
      "fighting": 1
    }
  ]
}