{
    "name": "太卜司-5",
    "author": "雪见璃,夜里无星",
    "start": [
        {"map": 1},
        {"temp\\map_3-3_point_6.png": 1.5},
        {"temp\\transfer.jpg": 1.5}
    ],
  "map": [
    {
      "s": 10.321162462234497
    },
    {
      "d": 1.46620512008667
    },
    {
      "fighting": 1
    },
    {
      "s": 1.731508493423462
    },
    {
      "fighting": 1
    },
    {
      "fighting": 1
    },
    {
      "a": 1.750000000000000
    },
    {
      "s": 2.0
    },
    {
      "d": 0.1
    },
    {
      "s": 3.960116863250732
    },
    {
      "a": 2.3790879249572754
    },
    {
      "fighting": 1
    },
    {
      "s": 1.6281054019927979
    },
    {
      "fighting": 1
    },
    {
      "d": 2.384395122528076
    },
    {
      "w": 5.069714260101318
    },
    {
      "d": 2.6161831378936768
    },
    {
      "s": 7.325922727584839
    },
    {
      "d": 7.061810493469238
    },
    {
      "a": 0.22497797012329102
    },
    {
      "w": 0.9874053955078125
    },
    {
      "d": 2.5801024436950684
    },
    {
      "w": 2.7819395065307617
    },
    {
      "d": 1.4499143600463867
    },
    {
      "s": 1.5562084197998047
    },
    {
      "d": 7.518176078796387
    },
    {
      "w": 1.3818936347961426
    },
    {
      "d": 1.6000745296478271
    },
    {
      "fighting": 1
    }
  ]
}