{
    "name": "收容舱段-2",
    "author": "Starry-Wind,小明",
    "start": [
        {"map": 1},
        {"picture\\map_1-2_point_2.png": 1.5},
        {"picture\\transfer.jpg": 1.5}
    ],
  "map": [
    {
      "s": 7.932079315185547
    },
    {
      "a": 4.1818201541900635
    },
    {
      "s": 2.7454097270965576
    },
    {
      "fighting": 1
    },
    {
      "d": 2.0563018321990967
    },
    {
      "d": 7.282793045043945
    },
    {
      "w": 0.6022613048553467
    },
    {
      "d": 0.26381516456604004
    },
    {
      "fighting": 1
    }
  ]
}