{
  "name": "迥星港-4",
  "author": "忘了",
  "start": [
    {
      "map": 1
    },
    {
      "temp\\map_3-2_point_4.png": 1.5
    },
    {
      "temp\\transfer.jpg": 1.5
    }
  ],
  "map": [
    {
      "a": 0.5017800331115723
    },
    {
      "w": 1.6484363079071045
    },
    {
      "d": 2.487971782684326
    },
    {
      "w": 2.1715540885925293
    },
    {
      "fighting": 1
    },
    {
      "w": 3.5407729148864746
    },
    {
      "a": 5.648838520050049
    },
    {
      "s": 1.145761251449585
    },
    {
      "w": 0.4997427463531494
    },
    {
      "a": 0.9920399188995361
    },
    {
      "s": 5.053157091140747
    },
    {
      "fighting": 1
    },
    {
      "fighting": 1
    }
  ]
}