{
  "name": "城郊雪原-1",
  "author": "Starry-Wind,小明",
  "start": [
    {"map": 1},
    {"picture\\orientation_1.png": 1.5},
    {"picture\\orientation_3.png": 1.5},
    {"picture\\map_2-1.jpg": 2},
    {"picture\\map_2-1_point_1.jpg": 1.5},
    {"picture\\transfer.jpg": 1.5}
  ],
  "map": [
    {
      "a": 4.535811424255371
    },
    {
      "s": 2.5342962741851807
    },
    {
      "s": 1.697535514831543
    },
    {
      "a": 1.7436208724975586
    },
    {
      "fighting": 1
    },
    {
      "a": 3.621589231491089
    },
    {
      "w": 6.506550550460815
    },
    {
      "d": 1.4858696460723877
    },
    {
      "fighting": 1
    }
  ]
}