{
    "name": "残响回廊-4",
    "author": "Starry-Wind,CDCP",
    "start": [
        {"map": 1},
        {"temp\\map_2-3_point_4.jpg": 1.5},
        {"temp\\transfer.jpg": 1.5}
    ],
    "map": [
        {
            "w": 1.818481683731079
        },
        {
            "d": 2.124272108078003
        },
        {
            "w": 2.946352243423462
        },
        {
            "fighting": 1
        },
        {
            "fighting": 2
        },
        {
            "fighting": 2
        },
        {
            "a": 0.824272108078003
        },
        {
            "w": 4.224272108078003
        },
        {
            "fighting": 2
        }
    ]
}
