{
    "name": "太卜司-3",
    "author": "雪见璃,夜里无星",
    "start": [
        {"map": 1},
        {"temp\\map_3-3_point_4.png": 1.5},
        {"temp\\transfer.jpg": 1.5}
    ],
  "map": [
    {
      "s": 14.599978113174438
    },
    {
      "d": 1.5064569091796875
    },
    {
      "s": 2.500000000000000
    },
    {
      "fighting": 1
    },
    {
      "a": 2.500000000000000
    },
    {
      "w": 1.5682300567626953
    },
    {
      "a": 9.019358062744141
    },
    {
      "fighting": 1
    },
    {
      "a": 2.635824728012085
    },
    {
      "fighting": 1
    }
  ]
}