{
    "name": "大矿区-4",
    "author": "夜里无星,小明",
    "start": [
        {"map": 1},
        {"picture\\map_2-5_point_4.png": 1.5},
        {"picture\\map_2-5_point_5.png": 1.5},
        {"picture\\transfer.jpg": 1.5}
    ],
    "map": [
        {
            "d": 6.341702461242676
        },
        {
            "w": 1.5484883308410645
        },
        {
            "d": 1.0273370265960693
        },
        {
            "fighting": 2
        },
        {
            "fighting": 1
        },
        {
            "w": 3.9731934547424316
        },
        {
            "d": 0.5273370265960693
        },
        {
            "fighting": 1
        },
        {
            "fighting": 2
        }
    ]
}
