{
    "name": "工造司-5",
    "author": "雪见璃,小明",
    "start": [
        {"map": 1},
        {"picture\\map_3-4_point_1.png": 1.5},
        {"picture\\transfer.jpg": 1.5}
    ],
    "map": [
        {
            "s": 1.8583216667175293
          },
          {
            "a": 6.439387798309326
          },
          {
            "s": 0.7300362586975098
          },
          {
            "a": 4.513092517852783
          },
          {
            "fighting": 1
          },
          {
            "a": 1.2722280025482178
          },
          {
            "s": 1.6604409217834473
          },
          {
            "d": 0.3861665725708008
          },
          {
            "s": 0.7421164512634277
          },
          {
            "a": 6.8137290477752686
          },
          {
            "d": 1.0629594326019287
          },
          {
            "w": 2.8240765571594238
          },
          {
            "a": 1.1179521083831787
          },
          {
            "fighting": 1
          },
          {
            "fighting": 1
          },
          {
            "a": 1.0713838577270508
          },
          {
            "fighting": 1
          },
          {
            "s": 0.5240765571594238
          },
          {
            "a": 1.0713838577270508
          },
          {
            "fighting": 1
          }
    ]
}
