{
    "name": "工造司-6",
    "author": "雪见璃",
    "start": [
        {"map": 1},
        {"temp\\map_3-4_point_2.png": 1.5},
        {"temp\\transfer.jpg": 1.5}
    ],
    "map": [
      {
        "a": 2.541996955871582
      },
      {
        "s": 1.8809516429901123
      },
      {
        "d": 0.9281725883483887
      },
      {
        "a": 0.5755500793457031
      },
      {
        "w": 0.5526211261749268
      },
      {
        "d": 1.151559829711914
      },
      {
        "s": 0.9853010177612305
      },
      {
        "w": 0.29865455627441406
      },
      {
        "d": 2.102003335952759
      },
      {
        "d": 0.5416860580444336
      },
      {
        "a": 0.21086502075195312
      },
      {
        "w": 3.2645812034606934
      },
      {
        "d": 3.895066022872925
      },
      {
        "a": 0.4097931385040283
      },
      {
        "s": 5.1039650440216064
      },
      {
        "d": 1.0967453002929688
      },
      {
        "fighting": 1
      },
      {
        "d": 1.9585504531860352
      },
      {
        "fighting": 1
      },
      {
        "s": 1.3941047191619873
      },
      {
        "fighting": 2
      },
      {
        "w": 1.280569076538086
      },
      {
        "d": 1.6826503276824951
      },
      {
        "w": 2.9314966201782227
      },
      {
        "fighting": 2
      },
      {
        "d": 1.0826503276824951
      },
      {
        "fighting": 1
      },
      {
        "a": 1.0826503276824951
      },
      {
        "w": 1.0836505889892578
      },
      {
        "s": 0.47525997161865234
      },
      {
        "a": 1.05388102531433105
      },
      {
        "w": 1.4315640926361084
      },
      {
        "d": 1.2720561027526855
      },
      {
        "a": 0.24222612380981445
      },
      {
        "a": 0.340770959854126
      },
      {
        "w": 3.059817790985107
      },
      {
        "w": 2.168400526046753
      },
      {
        "a": 1.9685218334197998
      },
      {
        "fighting": 1
      },
      {
        "a": 0.8525874614715576
      },
      {
        "fighting": 1
      },
      {
        "w": 2.5334627628326416
      },
      {
        "fighting": 1
      }
    ]
}
