{
    "name": "机器聚落-3",
    "author": "夜里无星,小明",
    "start": [
        {"map": 1},
        {"temp\\map_2-7_point_2.png": 1.5},
        {"temp\\transfer.jpg": 1.5}
    ],
    "map": [
        {
            "d": 1.0013060855865479
        },
        {
            "s": 1.5702438354492188
        },
        {
            "d": 1.6836193084716797
        },
        {
            "s": 7.056660175323486
        },
        {
            "a": 2.0080811500549316
        },
        {
            "s": 12.0580309867858887
        },
        {
            "fighting": 2
        },
        {
            "d": 2.9857707500457764
        },
        {
            "fighting": 1
        },
        {
            "fighting": 2
        },
        {
            "w": 1.7124111652374268
        },
        {
            "fighting": 1
        },
        {
            "fighting": 2
        },
        {
            "s": 1.7124111652374268
        },
        {
            "a": 6.0562119483947754
        },
        {
            "s": 0.898031806945801
        },
        {
            "fighting": 1
        },
        {
            "fighting": 2
        }
    ]
}