{
    "name": "太卜司-4",
    "author": "雪见璃,夜里无星",
    "start": [
        {"map": 1},
        {"picture\\map_3-3_point_5.png": 1.5},
        {"picture\\transfer.jpg": 1.5}
    ],
  "map": [
    {
      "s": 21.31118941307068
    },
    {
      "a": 4.253805160522461
    },
    {
      "s": 3.3574492931365967
    },
    {
      "d": 0.6781008243560791
    },
    {
      "s": 2.288907051086426
    },
    {
      "fighting": 1
    },
    {
      "a": 3.1183853149414062
    },
    {
      "w": 3.460000991821289
    },
    {
      "d": 0.3969149589538574
    },
    {
      "w": 0.6409668922424316
    },
    {
      "a": 4.264243125915527
    },
    {
      "w": 2.0081682205200195
    },
    {
      "fighting": 1
    },
    {
      "s": 4.900000000000000
    },
    {
      "fighting": 1
    }
  ]
}