{
  "name": "丹鼎司-6",
  "author": "夜里无星",
  "start": [
    {"map": 1},
    {"temp\\map_3-5_point_4.png": 1.5},
    {"temp\\transfer.jpg": 1.5}
  ],
  "map": [
    {
      "mouse_move": -2600
    },
    {
      "w": 14.799139500013553
    },
    {
      "mouse_move": -1600
    },
    {
      "w": 5.53608059999533
    },
    {
      "fighting": 1
    },
    {
      "w": 1.8580158000113443
    },
    {
      "fighting": 1
    },
    {
      "w": 0.716943200037349
    },
    {
      "a": 13.716537399974186
    },
    {
      "d": 0.5180812000180595
    },
    {
      "w": 2.912120099994354
    },
    {
      "a": 0.7740561999962665
    },
    {
      "w": 2.0
    },
    {
      "fighting": 1
    },
    {
      "w": 1.3960348999826238
    },
    {
      "a": 0.5735754999914207
    },
    {
      "fighting": 1
    },
    {
      "d": 1.8009970000130124
    },
    {
      "fighting": 1
    },
    {
      "w": 1.0
    }
  ]
}