{
    "name": "工造司-1",
    "author": "雪见璃",
    "start": [
        {"map": 1},
        {"temp\\orientation_1.jpg": 1.5},
        {"temp\\orientation_4.png": 1.5},
        {"temp\\map_3-4.png": 2},
        {"temp\\map_3-4_point_1.png": 1.5},
        {"temp\\transfer.jpg": 1.5}
    ],
    "map": [
        {
            "d": 1.5150487422943115
          },
          {
            "s": 0.4434061050415039
          },
          {
            "d": 1.7253193855285645
          },
          {
            "d": 0.9182219505310059
          },
          {
            "fighting": 2
          },
          {
            "a": 3.9481332302093506
          },
          {
            "w": 0.8746540546417236
          },
          {
            "d": 2.2452235221862793
          },
          {
            "a": 1.5817320346832275
          },
          {
            "w": 4.736333608627319
          },
          {
            "w": 2.1681559085845947
          },
          {
            "fighting": 2
          },
          {
            "d": 2.5
          },
          {
            "fighting": 1
          },
          {
            "d": 1.0821616649627686
          },
          {
            "d": 2.458817958831787
          },
          {
            "fighting": 1
          },
          {
            "d": 3.5929524898529053
          },
          {
            "a": 0.603914451599121
          },
          {
            "s": 0.6395838260650635
          },
          {
            "d": 1.559584617614746
          },
          {
            "s": 1.8242545127868652
          },
          {
            "a": 1.403914451599121
          },
          {
            "w": 0.375293493270874
          },
          {
            "a": 3.7718591690063477
          },
          {
            "a": 0.6531176567077637
          },
          {
            "s": 2.411792516708374
          },
          {
            "d": 2.843393325805664
          },
          {
            "fighting": 1
          },
          {
            "d": 0.8180859088897705
          },
          {
            "fighting": 1
          }
    ]
}
