{
  "name": "鳞渊境-3",
  "author": "夜里无星",
  "start": [
    {"map": 1},
    {"temp\\map_3-6_point_2.png": 1.5},
    {"temp\\transfer.jpg": 1.5}
  ],
  "map": [
    {
      "s": 3.7394848000258207
    },
    {
      "w": 0.8888861000305042
    },
    {
      "mouse_move": -1600
    },
    {
      "w": 17.6481498000212
    },
    {
      "d": 0.746084799990058
    },
    {
      "w": 8.98513380001532
    },
    {
      "fighting": 1
    },
    {
      "fighting": 1
    },
    {
      "a": 1.1458795999642462
    },
    {
      "d": 2.1439770000288263
    },
    {
      "s": 1.6600256000529043
    },
    {
      "a": 0.3189974999986589
    },
    {
      "s": 1.4314784000162035
    },
    {
      "d": 1.3170706999953836
    },
    {
      "mouse_move": 1600
    },
    {
      "w": 4.761132999963593
    },
    {
      "mouse_move": 800
    },
    {
      "w": 11.72415689995978
    },
    {
      "a": 5.876751100004185
    },
    {
      "d": 1.7150302000227384
    },
    {
      "w": 2.913090599991847
    },
    {
      "a": 1.5018732000142336
    },
    {
      "w": 0.8180008999886923
    },
    {
      "fighting": 1
    },
    {
      "s": 1.1450600000098348
    },
    {
      "a": 1.8290139999589883
    },
    {
      "w": 0.8031621000147425
    },
    {
      "fighting": 1
    },
    {
      "w": 3.31187829998089
    },
    {
      "d": 1.77292859996669
    },
    {
      "w": 0.8320629000081681
    },
    {
      "fighting": 1
    }
  ]
}