{
    "name": "收容舱段-3",
    "author": "Starry-Wind,小明",
    "start": [
        {"map": 1},
        {"temp\\map_1-2_point_3.jpg": 1.5},
        {"temp\\map_1-2_point_4.jpg": 1.5},
        {"temp\\transfer.jpg": 1.5}
    ],
    "map": [
        {
            "s": 0.7670000553131104
        },
        {
            "a": 2.3978652954101562
        },
        {
            "fighting": 2
        },
        {
            "w": 0.248938465118408
        },
        {
            "a": 3.748938465118408
        },
                {
            "s": 1.008938465118408
        },
        {
            "fighting": 1
        }
    ]
}