{
  "name": "丹鼎司-1",
  "author": "夜里无星",
  "start": [
      {"map": 1},
      {"\\orientation_1.png": 1.5},
      {"\\orientation_4.png": 1.5},
      {"\\map_3-5.png": 2},
      {"\\map_3-5_point_1.png": 1.5},
      {"\\transfer.jpg": 1.5}
  ],
  "map": [
    {
      "w": 6.2478320598602295
    },
    {
      "d": 0.6610815525054932
    },
    {
      "d": 3.254134178161621
    },
    {
      "w": 5.2481420040130615
    },
    {
      "mouse_move": 1400
    },
    {
      "w": 2.3990252017974854
    },
    {
      "d": 0.5748367309570312
    },
    {
      "fighting": 1
    },
    {
      "a": 0.1
    },
    {
      "fighting": 1
    },
    {
      "fighting": 1
    },
    {
      "w": 3.5582680702209473
    },
    {
      "a": 1.0
    },
    {
      "w": 5.708539009094238
    },
    {
      "d": 1.5159530639648438
    },
    {
      "fighting": 1
    },
    {
      "d": 0.9163899421691895
    },
    {
      "fighting": 1
    },
    {
      "fighting": 1
    },
    {
      "mouse_move": 600
    },
    {
      "w": 0.8
    },
    {
      "d": 8.525573968887329
    },
    {
      "s": 3.6810219287872314
    },
    {
      "d": 4.6792497634887695
    },
    {
      "a": 0.11782670021057129
    },
    {
      "w": 1.553267002105713
    },
    {
      "a": 1.4581549167633057
    },
    {
      "w": 1.1728792190551758
    },
    {
      "d": 0.5745458602905273
    },
    {
      "w": 2.143019199371338
    },
    {
      "d": 0.718146800994873
    },
    {
      "fighting": 1
    },
    {
      "fighting": 1
    }
  ]
}