{
    "name": "铆钉镇-2",
    "author": "夜里无星,小明",
    "start": [
        {"map": 1},
        {"map_2-6_point_2.png": 1.5},
        {"transfer.jpg": 1.5}
    ],
    "map": [
        {
            "s": 1.5153956413269043
        },
        {
            "d": 1.8005399703979492
        },
        {
            "s": 1.6861960887908936
        },
        {
            "d": 5.312401533126831
        },
        {
            "w": 1.6199419498443604
        },
        {
            "fighting": 1
        },
        {
            "fighting": 2
        },
        {
            "d": 1.0199419498443604
        },
        {
            "w": 1.6199419498443604
        },
        {
            "d": 1.599488353729248
        },
        {
            "w": 1.019941949844360
        },
        {
            "fighting": 1
        },
        {
            "fighting": 2
        }
    ]
}
