{
    "name": "流云渡-4",
    "author": "雪见璃,小明",
    "start": [
        {"map": 1},
        {"temp\\map_3-1_point_5.png": 1.5},
        {"temp\\transfer.jpg": 1.5}
    ],
  "map": [
    {
      "d": 4.803095579147339
    },
    {
      "s": 6.202001094818115
    },
    {
      "s": 0.6411714553833008
    },
    {
      "a": 1.4340264797210693
    },
    {
      "fighting": 1
    },
    {
      "d": 4.823673248291016
    },
    {
      "fighting": 1
    },
    {
      "d": 1.8637435913085938
    },
    {
      "w": 4.222608804702759
    },
    {
      "fighting": 1
    },
    {
      "w": 3.9744601249694824
    },
    {
      "w": 0.11388111114501953
    },
    {
      "a": 5.380115032196045
    },
    {
      "fighting": 1
    }
  ]
}