{
    "name": "太卜司-2",
    "author": "雪见璃,夜里无星",
    "start": [
        {"map": 1},
        {"map_3-3_point_2.png": 1.5},
        {"map_3-3_point_3.png": 1.5},
        {"transfer.jpg": 1.5}
    ],
    "map": [
        {
            "w": 4.8796117305755615
          },
          {
            "a": 0.9621093273162842
          },
          {
            "fighting": 2
          },
          {
            "a": 3.2308349609375
          },
          {
            "a": 1.3276653289794922
          },
          {
            "d": 0.7536649703979492
          },
          {
            "fighting": 1
          },
          {
            "w": 1.2043423652648926
          },
          {
            "w": 1.2738418579101562
          },
          {
            "fighting": 1
          },
          {
            "a": 1.2408030033111572
          },
          {
            "d": 0.5408030033111572
          },
          {
            "s": 0.9273346710205078
          },
          {
            "a": 4.361063241958618
          },
          {
            "w": 2.700146198272705
          },
          {
            "a": 0.44396352767944336
          },
          {
            "w": 3.0429296493530273
          },
          {
            "d": 1.2731752395629883
          },
          {
            "s": 1.6151914596557617
          },
          {
            "d": 0.7069640159606934
          },
          {
            "w": 4.049110412597656
          },
          {
            "fighting": 1
          }
      ]
}