{
  "name": "丹鼎司-5",
  "author": "夜里无星",
  "start": [
    {"map": 1},
    {"picture\\map_3-5_point_3.png": 1.5},
    {"picture\\transfer.jpg": 1.5}
  ],
  "map": [
    {
      "d": 4.137952700024471
    },
    {
      "d": 0.7173158999648876
    },
    {
      "a": 0.887887499993667
    },
    {
      "w": 6.6750387999927625
    },
    {
      "a": 3.966102599981241
    },
    {
      "w": 0.46073960000649095
    },
    {
      "w": 2.000010600022506
    },
    {
      "a": 1.4581145999836735
    },
    {
      "a": 9.636484700022265
    },
    {
      "s": 2.4550446999492124
    },
    {
      "d": 0.6030717000248842
    },
    {
      "s": 1.5718701999867335
    },
    {
      "a": 7.90024370001629
    },
    {
      "s": 1.9700015999842435
    },
    {
      "d": 2.1419979000347666
    },
    {
      "s": 1.0168686000048183
    },
    {
      "a": 8.782244400004856
    },
    {
      "s": 1.7720227999961935
    },
    {
      "fighting": 1
    },
    {
      "s": 0.5170512000331655
    },
    {
      "fighting": 1
    }
  ]
}