{
    "name": "流云渡-6",
    "author": "龙女姬,小明",
    "start": [
        {"map": 1},
        {"map_3-1_point_3.png": 1.5},
        {"transfer.jpg": 1.5}
    ],
  "map": [
    {
      "d": 9.761109638214111
    },
    {
      "s": 1.9484856128692627
    },
    {
      "fighting": 2
    },
    {
      "fighting": 1
    },
    {
      "s": 2.527902603149414
    },
    {
      "a": 1.3022723197937012
    },
    {
      "s": 0.6095340251922607
    },
    {
      "fighting": 1
    },
    {
      "s": 2.596555233001709
    },
    {
      "d": 0.9199631214141846
    },
    {
      "s": 0.13654541969299316
    },
    {
      "fighting": 1
    }
  ]
}