{
    "name": "支援舱段-3",
    "author": "Starry-Wind,小明",
    "start": [],
    "map": [
        {
            "w": 0.8554380893707275
        },
        {
            "d": 5.2536939239501953
        },
        {
            "fighting": 1
        },
        {
            "a": 11.320342826843262
        },
        {
            "w": 3.656429147720337
        },
        {
            "fighting": 1
        },
        {
            "d": 0.856429147720337
        },
        {
            "fighting": 2
        }
    ]
}