{
    "name": "工造司-2",
    "author": "雪见璃",
    "start": [
        {"map": 1},
        {"map_3-4_point_1.png": 1.5},
        {"transfer.jpg": 1.5}
    ],
    "map": [
      {
        "s": 2.2026448249816895
      },
      {
        "w": 0.39780402183532715
      },
      {
        "a": 3.296229839324951
      },
      {
        "w": 1.5971789360046387
      },
      {
        "a": 1.5
      },
      {
        "d": 0.5
      },
      {
        "w": 4.1
      },
      {
        "a": 3.0
      },
      {
        "s": 2.0
      },
      {
        "w": 0.85
      },
      {
        "a": 3.6
      },
      {
        "fighting": 1
      },
      {
        "a": 2.6
      },
      {
        "fighting": 1
      },
      {
        "w": 0.8
      },
      {
        "fighting": 1
      },
      {
        "s": 1.8
      },
      {
        "fighting": 1
      }
    ]
}
