{
  "name": "丹鼎司-4",
  "author": "夜里无星",
  "start": [
    {"map": 1},
    {"picture\\map_3-5_point_2.png": 1.5},
    {"picture\\transfer.jpg": 1.5}
  ],
  "map": [
    {
      "w": 8.18147799995495
    },
    {
      "d": 0.432914900011383
    },
    {
      "w": 6.731080800003838
    },
    {
      "a": 2.512109699950088
    },
    {
      "w": 11.549406700010877
    },
    {
      "a": 6.218092199997045
    },
    {
      "w": 13.03142980003031
    },
    {
      "s": 1.3442159999976866
    },
    {
      "a": 4.024173800018616
    },
    {
      "s": 1.116131699993275
    },
    {
      "fighting": 1
    }
  ]
}