{
    "name": "收容舱段-1",
    "author": "Starry-Wind,小明",
    "start": [
        {"map": 1},
        {"temp\\orientation_1.png": 1.5},
        {"temp\\orientation_2.png": 1.5},
        {"temp\\map_1-2.jpg": 2},
        {"temp\\map_1-2_point_1.jpg": 1.5},
        {"temp\\transfer.jpg": 1.5}
    ],
    "map": [
        {
            "d": 3.5159339904785156
        },
        {
            "w": 4.1744420528411865
        },
        {
            "fighting": 1
        },
        {
            "d": 3.704282522201538
        },
        {
            "s": 6.547893476486206
        },
        {
            "d": 2.298490571975708
        },
        {
            "w": 5.359357118606567
        },
        {
            "fighting": 1
        }
    ]
}