{
    "name": "太卜司-4",
    "author": "雪见璃，jiuerd",
    "start": [
        {"map": 1},
        {"temp\\map_3-3_point_5.png": 1.5},
        {"temp\\transfer.jpg": 1.5}
    ],
    "map": [
        {
            "s": 8.884122848510742
          },
          {
            "w": 0.5081789493560791
          },
          {
            "d": 1.3033936500549316
          },
          {
            "fighting": 1
          },
          {
            "d": 0.8033936500549316
          },
          {
            "s": 1.5377435684204102
          },
          {
            "d": 0.6080436706542969
          },
          {
            "fighting": 1
          },
          {
            "s": 1.1832785606384277
          },
          {
            "a": 1.8065073490142822
          },
          {
            "w": 2.5567994117736816
          },
          {
            "s": 1.482649326324463
          },
          {
            "a": 2.5672590732574463
          },
          {
            "fighting": 1
          },
          {
            "s": 2.331627130508423
          },
          {
            "fighting": 1
          },
          {
            "a": 1.7487546920776367
          },
          {
            "fighting": 2
          },
          {
            "d": 1.206052303314209
          },
          {
            "w": 2.1119930744171143
          },
          {
            "d": 2.843447685241699
          },
          {
            "w": 2.8437113761901855 
          },
          {
            "s": 0.36588406562805176
          },
          {
            "d": 0.4712896347045898
          },
          {
            "w": 0.5437113761901855
          },
          {
            "d": 2.3036221027374268
          },
          {
            "s": 2.791207790374756
          },
          {
            "s": 0.14347028732299805
          },
          {
            "s": 3.9946346282958984
          },
          {
            "w": 0.4306802749633789
          },
          {
            "d": 3.871675729751587
          },
          {
            "d": 0.8069355487823486
          },
          {
            "d": 0.043918609619140625
          },
          {
            "fighting": 2
          },
          {
            "w": 0.8183913230895996
          },
          {
            "d": 4.7679548263549805
          },
          {
            "d": 2.3228487968444824
          },
          {
            "a": 1.0793844699859619
          },
          {
            "s": 2.2941148281097412
          },
          {
            "w": 1.0191274642944336
          },
          {
            "d": 8.374471664428711
          },
          {
            "a": 0.16547656059265137
          },
          {
            "w": 0.8198916912078857
          },
          {
            "d": 2.0917680263519287
          },
          {
            "fighting": 1
          },
          {
            "d": 1.7745139598846436
          },
          {
            "w": 0.8617677688598633
          },
          {
            "fighting": 2
          },
          {
            "w": 2.8916614055633545
          },
          {
            "s": 1.6314735412597656
          },
          {
            "a": 0.6979209899902344
          },
          {
            "w": 2.1355526447296143
          },
          {
            "d": 0.874366283416748
          },
          {
            "d": 1.383190393447876
          },
          {
            "w": 3.1529858112335205
          },
          {
            "a": 0.6193225383758545
          },
          {
            "s": 0.819035530090332
          },
          {
            "d": 0.5528077125549316
          },
          {
            "f": 0.58869028091430664
          },
          {
            "w": 6.500455379486084
          },
          {
            "a": 1.5512307167053223
          },
          {
            "w": 4.109583854675293
          },
          {
            "s": 0.5974218845367432
          },
          {
            "d": 1.5304452419281006
          },
          {
            "w": 3.131971597671509
          },
          {
            "a": 1.2176332473754883
          },
          {
            "w": 2.41235089302063
          },
          {
            "s": 0.9506824016571045
          },
          {
            "a": 0.36539125442504883
          },
          {
            "w": 0.8973186016082764
          },
          {
            "a": 0.6204254627227783
          },
          {
            "w": 1.127892017364502
          },
          {
            "a": 0.828803539276123
          },
          {
            "fighting": 2
          },
          {
            "a": 2.5112478733062744
          },
          {
            "w": 2.4232211112976074
          },
          {
            "a": 0.4973773956298828
          },
          {
            "a": 0.6085672378540039
          },
          {
            "w": 5.233310222625732
          },
          {
            "a": 1.5938405990600586
          },
          {
            "s": 0.34195661544799805
          },
          {
            "a": 1.6917953491210938
          },
          {
            "fighting": 1
          },
          {
            "s": 4.34195661544799805
          },
          {
            "d": 3.34195661544799805
          },
          {
            "a": 3.053694248199463
          },
          {
            "w": 0.6638684272766113
          },
          {
            "fighting": 2
          },
          {
            "d": 3.475071668624878
          },
          {
            "s": 1.3936195373535156
          },
          {
            "d": 0.5192794799804688
          },
          {
            "d": 0.08784079551696777
          },
          {
            "a": 0.27718377113342285
          },
          {
            "w": 1.7479414463043213
          },
          {
            "d": 5.221212863922119
          },
          {
            "s": 1.1399078369140625
          },
          {
            "d": 1.030034065246582
          },
          {
            "s": 1.0732018947601318
          },
          {
            "d": 0.718071460723877
          },
          {
            "w": 3.871187925338745
          },
          {
            "s": 3.7278833389282227
          },
          {
            "d": 1.5711593627929688
          },
          {
            "w": 2.632889986038208
          },
          {
            "d": 1.8798344135284424
          },
          {
            "s": 1.559814691543579
          },
          {
            "d": 1.7370436191558838
          },
          {
            "a": 0.3972322940826416
          },
          {
            "w": 0.8630373477935791
          },
          {
            "d": 0.9944586753845215
          },
          {
            "w": 1.3049354553222656
          },
          {
            "d": 0.7975878715515137
          },
          {
            "w": 3.423041582107544
          },
          {
            "d": 1.492713212966919
          },
          {
            "s": 2.300414800643921
          },
          {
            "a": 0.6519665718078613
          },
          {
            "fighting": 2
          },
          {
            "w": 4.225073337554932
          },
          {
            "a": 2.309567451477051
          },
          {
            "w": 0.9172585010528564
          },
          {
            "fighting": 1
          },
          {
            "w": 3.0602965354919434
          },
          {
            "s": 1.4583427906036377
          },
          {
            "d": 2.4778940677642822
          },
          {
            "a": 0.4860873222351074
          },
          {
            "s": 0.6515522003173828
          },
          {
            "d": 0.7800514698028564
          },
          {
            "w": 4.424388885498047
          },
          {
            "s": 0.6070578098297119
          },
          {
            "d": 0.8615665435791016
          },
          {
            "w": 4.088882207870483
          },
          {
            "fighting": 1
          },
          {
            "s": 3.1372995376586914
          },
          {
            "d": 2.231513738632202
          },
          {
            "s": 2.2195820808410645
          },
          {
            "fighting": 1
          }
    ]
}
