{
  "name": "残响回廊-3",
  "author": "Starry-Wind,五月,雪见璃",
  "start": [
    {
      "map": 1
    },
    {
      "temp\\map_2-3_point_2.jpg": 1.5
    },
    {
      "temp\\map_2-3_point_3.jpg": 1.5
    },
    {
      "temp\\transfer.jpg": 1.5
    }
  ],
  "map": [
    {
      "w": 7.213360786437988
    },
    {
      "s": 0.6492950916290283
    },
    {
      "d": 1.7122056484222412
    },
    {
      "w": 5.096607208251953
    },
    {
      "a": 3.282719135284424
    },
    {
      "w": 0.652400068283081
    },
    {
      "a": 7.282719135284424
    },
    {
      "d": 0.6610024929046631
    },
    {
      "w": 6.009446859359741
    },
    {
      "mouse_move": 1200
    },
    {
      "w": 3.8255770206451416
    },
    {
      "fighting": 1
    },
    {
      "w": 1.0514380931854248
    },
    {
      "a": 2.5240838527679443
    },
    {
      "w": 5.487821578979492
    },
    {
      "d": 4.721492290496826
    },
    {
      "s": 2.155590057373047
    },
    {
      "fighting": 1
    }
  ]
}
