{
  "name": "丹鼎司-2",
  "author": "夜里无星",
  "start": [
      {"map": 1},
      {"temp\\map_3-5_point_2.png": 1.5},
      {"temp\\transfer.jpg": 1.5}
  ],
  "map": [
    {
      "w": 9.27009105682373
    },
    {
      "d": 5.419896841049194
    },
    {
      "s": 2.142880916595459
    },
    {
      "a": 0.6039788000052795
    },
    {
      "s": 3.596705198287964
    },
    {
      "s": 1.9441843032836914
    },
    {
      "w": 0.6609222888946533
    },
    {
      "d": 4.139160633087158
    },
    {
      "fighting": 1
    }
  ]
}