{
    "name": "大矿区-3",
    "author": "夜里无星,小明",
    "start": [
        {"map": 1},
        {"picture\\map_2-5_point_4.png": 1.5},
        {"picture\\map_2-5_point_5.png": 1.5},
        {"picture\\transfer.jpg": 1.5}
    ],
    "map": [
        {
            "a": 0.9451611042022705
        },
        {
            "w": 1.6299149990081787
        },
        {
            "a": 1.5443274974822998
        },
        {
            "w": 3.686197328567505
        },
        {
            "a": 6.1005048274993896
        },
        {
            "s": 0.6443274974822998
        },
        {
            "fighting": 1
        },
        {
            "fighting": 1
        },
        {
            "w": 5.4462213039398193
        },
        {
            "d": 1.2462213039398193
        },
        {
            "fighting": 1
        }
    ]
}