{ 
   "name": "边缘道路-2", 
   "author": "Starry-Wind,小明", 
   "start": [ 
       {"map": 1}, 
       {"temp\\map_2-2_point_1.jpg": 1.5}, 
       {"temp\\transfer.jpg": 1.5} 
   ], 
   "map": [ 
     { 
       "s": 8.744832134246826 
     }, 
     { 
       "d": 2.507444725036621 
     }, 
     { 
       "fighting": 2
     }, 
     {
       "fighting": 1
     },
     { 
       "d": 2.965877056121826 
     }, 
     { 
       "fighting": 1 
     }, 
     { 
       "d": 7.884256362915039 
     }, 
     { 
       "a": 0.5673964023590088 
     }, 
     { 
       "w": 5.6493446826934814 
     }, 
     { 
       "s": 0.6661438941955566 
     }, 
     { 
       "fighting": 1 
     }, 
     { 
       "d": 5.524810266494751 
     }, 
     { 
       "s": 1.584256362915039 
     }, 
     { 
       "w": 0.2961438941955566 
     }, 
     { 
       "d": 3.084256362915039 
     }, 
     { 
       "a": 0.292493486404419 
     }, 
     { 
       "s": 2.040052890777588 
     }, 
     { 
       "d": 7.466376304626465 
     }, 
     { 
       "fighting": 1 
     },
     { 
       "d": 3.466376304626465 
     },
     { 
       "fighting": 2 
     },
     { 
       "fighting": 1
     } 
   ] 
 }