{
    "name": "迥星港-1",
    "author": "雪见璃",
    "start": [
        {"map": 1},
        {"temp\\orientation_1.jpg": 1.5},
        {"temp\\orientation_4.png": 1.5},
        {"temp\\map_3-2.png": 2},
        {"temp\\map_3-2_point_1.png": 1.5},
        {"temp\\map_3-2_point_2.png": 1.5},
        {"temp\\transfer.jpg": 1.5}
    ],
    "map": [
        {
            "w": 1.7920374870300293
          },
          {
            "d": 2.5443813800811768
          },
          {
            "w": 0.98634839057922363
          },
          {
            "d": 3.273711919784546
          },
          {
            "w": 1.0719571113586426
          },
          {
            "d": 1.5153372287750244
          },
          {
            "w": 2.0790483951568604
          },
          {
            "d": 0.9064016342163086
          },
          {
            "w": 0.7305841445922852
          },
          {
            "a": 0.4208059310913086
          },
          {
            "w": 0.7299051284790039
          },
          {
            "fighting": 2
          },
          {
            "s": 0.9284522533416748
          },
          {
            "a": 2.087862253189087
          },
          {
            "s": 0.8395318984985352
          },
          {
            "a": 0.5869557857513428
          },
          {
            "fighting": 1
          },
          {
            "a": 1.8913304805755615
          },
          {
            "a": 1.1952600479125977
          },
          {
            "s": 1.217771291732788
          },
          {
            "a": 1.3055775165557861
          },
          {
            "s": 1.006978988647461
          },
          {
            "a": 1.3049335479736328
          },
          {
            "s": 0.7974143028259277
          },
          {
            "a": 0.9504890441894531
          },
          {
            "s": 1.2269821166992188
          },
          {
            "a": 0.7743384838104248
          },
          {
            "a": 0.6404237747192383
          },
          {
            "s": 0.5634920597076416
          },
          {
            "fighting": 2
          },
          {
            "w": 3.0206620693206787
          },
          {
            "w": 2.2226717472076416
          },
          {
            "w": 1.050222635269165
          },
          {
            "d": 2.3240227699279785
          },
          {
            "fighting": 1
          },
          {
            "w": 0.9396517276763916
          },
          {
            "w": 0.6522142887115479
          },
          {
            "d": 2.3779640197753906
          },
          {
            "fighting": 1
          },
          {
            "d": 2.135007619857788
          },
          {
            "fighting": 2
          },
          {
            "a": 9.568941831588745
          },
          {
            "w": 1.338507890701294
          },
          {
            "fighting": 1
          },
          {
            "a": 3.5386524200439453
          },
          {
            "s": 0.5843862533569336
          },
          {
            "a": 0.5386524200439453
          },
          {
            "w": 1.8282666206359863
          },
          {
            "w": 0.7430990219116211
          },
          {
            "fighting": 1
          }
    ]
}