{
    "name": "流云渡-4",
    "author": "雪见璃",
    "start": [
        {"map": 1},
        {"temp\\map_3-1_point_3.png": 1.5},
        {"temp\\transfer.jpg": 1.5}
    ],
    "map": [
        {
            "a": 2.012648105621338
          },
          {
            "w": 2.4898784160614014
          },
          {
            "fighting": 2
          },
          {
            "s": 4.092231750488281
          },
          {
            "d": 4.413460969924927
          },
          {
            "fighting": 2
          },
          {
            "a": 1.3058078289031982
          },
          {
            "s": 3.373141288757324
          },
          {
            "a": 0.7518453598022461
          },
          {
            "d": 0.397477388381958
          },
          {
            "s": 4.038255453109741
          },
          {
            "s": 9.923182249069214
          },
          {
            "w": 1.1291844844818115
          },
          {
            "d": 1.926887035369873
          },
          {
            "d": 2.410615921020508
          },
          {
            "a": 0.26460742950439453
          },
          {
            "w": 1.1505696773529053
          },
          {
            "d": 0.226887035369873
          },
          {
            "w": 0.40971922874450684
          },
          {
            "w": 0.24243760108947754
          },
          {
            "w": 1.6582612991333008
          },
          {
            "fighting": 1
          },
          {
            "w": 1.5256545543670654
          },
          {
            "fighting": 2
          },
          {
            "a": 0.6643187999725342
          },
          {
            "s": 3.0750608444213867
          },
          {
            "s": 0.05464768409729004
          },
          {
            "a": 1.2277452945709229
          },
          {
            "a": 0.9411287307739258
          },
          {
            "s": 1.0736360549926758
          },
          {
            "s": 0.36424851417541504
          },
          {
            "a": 3.020400285720825
          },
          {
            "fighting": 1
          },
          {
            "w": 2.333855628967285
          },
          {
            "w": 1.6369802951812744
          },
          {
            "s": 0.9753100872039795
          },
          {
            "a": 3.0988616943359375
          },
          {
            "w": 1.3506417274475098
          },
          {
            "fighting": 1
          },
          {
            "a": 2.4334583282470703
          },
          {
            "fighting": 1
          },
          {
            "a": 1.0733354091644287
          },
          {
            "w": 2.521834373474121
          },
          {
            "d": 2.0579793453216553
          },
          {
            "s": 1.1727230548858643
          },
          {
            "d": 0.6747314929962158
          },
          {
            "w": 3.937736749649048
          },
          {
            "w": 0.4528632164001465
          },
          {
            "fighting": 1
          },
          {
            "d": 2.2016491889953613
          },
          {
            "fighting": 1
          },
          {
            "a": 1.248854160308838
          },
          {
            "s": 1.0379927158355713
          },
          {
            "fighting": 2
          }
    ]
}