{
    "name": "工造司-2",
    "author": "雪见璃",
    "start": [
        {"map": 1},
        {"temp\\map_3-4_point_1.png": 1.5},
        {"temp\\transfer.jpg": 1.5}
    ],
    "map": [
      {
        "s": 2.2026448249816895
      },
      {
        "w": 0.39780402183532715
      },
      {
        "a": 3.296229839324951
      },
      {
        "w": 1.5971789360046387
      },
      {
        "a": 0.9513511657714844
      },
      {
        "d": 0.48701024055480957
      },
      {
        "w": 2.6106858253479004
      },
      {
        "w": 1.5692880153656006
      },
      {
        "a": 2.4889140129089355
      },
      {
        "s": 1.1285550594329834
      },
      {
        "w": 0.7194201946258545
      },
      {
        "a": 3.6720964908599854
      },
      {
        "fighting": 1
      },
      {
        "w": 1.0282588005065918
      },
      {
        "d": 1.3383121490478516
      },
      {
        "fighting": 2
      },
      {
        "a": 2.9427177906036377
      },
      {
        "s": 1.2605414390563965
      },
      {
        "a": 1.3048269748687744
      },
      {
        "fighting": 1
      }
    ]
}
