{
    "name": "流云渡-1",
    "author": "雪见璃",
    "start": [
        {"map": 1},
        {"temp\\orientation_1.jpg": 1.5},
        {"temp\\orientation_4.png": 1.5},
        {"temp\\map_3-1.png": 2},
        {"temp\\map_3-1_point_1.png": 1.5},
        {"temp\\transfer.jpg": 1.5}
    ],
    "map": [
        {
            "w": 8.906384468078613
          },
          {
            "d": 9.646476030349731
          },
          {
            "a": 0.7295119762420654
          },
          {
            "w": 4.944909334182739
          },
          {
            "d": 2.3972440242767334
          },
          {
            "fighting": 1
          },
          {
            "fighting": 1
          },
          {
            "a": 6.0285351276397705
          },
          {
            "a": 1.992858648300171
          },
          {
            "d": 0.3979182243347168
          },
          {
            "w": 6.105407953262329
          },
          {
            "w": 2.7866363525390625
          },
          {
            "s": 1.0289556980133057
          },
          {
            "a": 7.167869806289673
          },
          {
            "s": 3.5619616508483887
          },
          {
            "w": 0.47405147552490234
          },
          {
            "a": 5.366371393203735
          },
          {
            "a": 1.5577564239501953
          },
          {
            "s": 2.275610399246216
          },
          {
            "fighting": 1
          },
          {
            "d": 1.3059380054473877
          },
          {
            "a": 4.500760555267334
          },
          {
            "fighting": 1
          }
    ]
}