{
    "name": "工造司-5",
    "author": "雪见璃",
    "start": [
        {"map": 1},
        {"temp\\map_3-4_point_1.png": 1.5},
        {"temp\\transfer.jpg": 1.5}
    ],
    "map": [
        {
            "s": 1.8583216667175293
          },
          {
            "a": 6.439387798309326
          },
          {
            "s": 0.7300362586975098
          },
          {
            "a": 4.513092517852783
          },
          {
            "fighting": 1
          },
          {
            "a": 1.2722280025482178
          },
          {
            "s": 1.6604409217834473
          },
          {
            "d": 0.3861665725708008
          },
          {
            "s": 0.7421164512634277
          },
          {
            "a": 6.8137290477752686
          },
          {
            "fighting": 2
          },
          {
            "d": 1.0629594326019287
          },
          {
            "w": 2.5240765571594238
          },
          {
            "a": 1.1179521083831787
          },
          {
            "fighting": 1
          },
          {
            "a": 1.6713838577270508
          },
          {
            "fighting": 1
          },
          {
            "d": 1.2618355751037598
          },
          {
            "w": 1.5707546710968018
          },
          {
            "d": 1.3926317691802979
          },
          {
            "fighting": 1
          },
          {
            "w": 0.728510856628418
          },
          {
            "a": 4.094322681427002
          },
          {
            "d": 0.4762594699859619
          },
          {
            "s": 1.6933653354644775
          },
          {
            "a": 0.7515354156494141
          },
          {
            "w": 0.9305789470672607
          },
          {
            "s": 1.97664451599121094
          },
          {
            "a": 5.853736925125122
          },
          {
            "fighting": 2
          },
          {
            "a": 1.748837947845459
          },
          {
            "w": 2.699185848236084
          },
          {
            "s": 1.0287950038909912
          },
          {
            "a": 3.7458372116088867
          },
          {
            "w": 4.567615270614624
          },
          {
            "a": 0.9265406131744385
          },
          {
            "fighting": 2
          },
          {
            "d": 0.48639488220214844
          },
          {
            "w": 1.3941895961761475
          },
          {
            "s": 0.8957681655883789
          },
          {
            "a": 2.841362476348877
          },
          {
            "fighting": 1
          },
          {
            "a": 1.941145658493042
          },
          {
            "fighting": 2
          },
          {
            "a": 6.9036781787872314
          },
          {
            "fighting": 1
          },
          {
            "a": 1.9461557865142822
          },
          {
            "fighting": 1
          },
          {
            "a": 0.6529459953308105
          },
          {
            "d": 0.42165279388427734
          },
          {
            "s": 4.215169906616211
          },
          {
            "w": 0.3767356872558594
          },
          {
            "d": 4.7902891635894775
          },
          {
            "d": 1.2604262828826904
          },
          {
            "fighting": 2
          }
      
    ]
}
