{
    "name": "收容舱段-2",
    "author": "雪见璃",
    "start": [
        {"map": 1},
        {"temp\\map_1-2_point_2.jpg": 1.5},
        {"temp\\transfer.jpg": 1.5}
    ],
    "map": [
        {
            "s": 2.070005416870117
          },
          {
            "fighting": 1
          },
          {
            "w": 5.830992221832275
          },
          {
            "d": 0.5970542430877686
          },
          {
            "a": 1.040086030960083
          },
          {
            "a": 0.3863248825073242
          },
          {
            "w": 0.763256311416626
          },
          {
            "a": 1.8028550148010254
          },
          {
            "w": 0.8193507194519043
          },
          {
            "a": 1.641184139251709
          },
          {
            "fighting": 1
          },
          {
            "fighting": 1
          }
    ]
}
