{
    "name": "残响回廊-5",
    "author": "雪见璃,Starry-Wind,小明,CDCP",
    "start": [
        {"map": 1},
        {"temp\\map_2-3_point_5.jpg": 1.5},
        {"temp\\transfer.jpg": 1.5}
    ],
    "map": [
        {
            "s": 4.959900856018066
          },
          {
            "a": 1.8358871936798096
          },
          {
            "w": 0.9945602416992188
          },
          {
            "s": 0.6420888900756836
          },
          {
            "a": 2.4671242237091064
          },
          {
            "fighting": 1
          },
          {
            "s": 1.6697871685028076
          },
          {
            "w": 0.43289899826049805
          },
          {
            "d": 1.2533434677124023
          },
          {
            "s": 4.0287081241607666
          },
          {
            "fighting": 2
          },
          {
            "s": 1.3287081241607666
          },
          {
            "fighting": 1
          },
          {
            "s": 1.004333105087280
          },
          {
            "fighting": 1
          },
          {
            "s": 3.50432538986206
          },
          {
            "d": 0.5420888900756836
          },
          {
            "s": 3.30432538986206
          },
          {
            "d": 8.4366347312927246
          },  
          {
            "w": 1.5014896392822266
          },
          {
            "fighting": 1
          }
    ]
}
