{
    "name": "工造司-7",
    "author": "龙女姬,小明",
    "start": [
        {"map": 1},
        {"picture\\map_3-4_point_2.png": 1.5},
        {"picture\\transfer.jpg": 1.5}
    ],
  "map": [
    {
      "a": 1.8532957077026367
    },
    {
      "s": 0.7097373390197754
    },
    {
      "f": 0.53787078857421875
    },
    {
      "f": 0.53787078857421875
    },
    {
      "d": 0.15877079963684082
    },
    {
      "s": 7.577474784851074
    },
    {
      "d": 10.00432915687561
    },
    {
      "fighting": 1
    },
    {
      "fighting": 1
    },
    {
      "d": 5.087911605834961
    },
    {
      "w": 1.332012414932251
    },
    {
      "fighting": 1
    }
  ]
}