{
    "name": "工造司-3",
    "author": "雪见璃",
    "start": [
        {"map": 1},
        {"temp\\map_3-4_point_3.png": 1.5},
        {"temp\\transfer.jpg": 1.5}
    ],
    "map": [
      {
        "w": 5.5628745555877686
      },
      {
        "d": 1.4159743785858154
      },
      {
        "fighting": 2
      },
      {
        "a": 3.0650529861450195
      },
      {
        "d": 0.6749937534332275
      },
      {
        "w": 4.27327618598938
      },
      {
        "a": 0.6285718441009521
      },
      {
        "s": 1.8193495273590088
      },
      {
        "fighting": 1
      },
      {
        "w": 1.8737325668334961
      },
      {
        "d": 3.275501012802124
      },
      {
        "w": 0.9954843521118164
      },
      {
        "a": 0.4309964179992676
      },
      {
        "w": 0.952996015548706
      },
      {
        "d": 2.6657872200012207
      },
      {
        "w": 2.9321210384368896
      },
      {
        "a": 0.5538139343261719
      },
      {
        "fighting": 2
      },
      {
        "w": 2.575901746749878
      },
      {
        "d": 2.0795013904571533
      },
      {
        "fighting": 2
      },
      {
        "fighting": 1
      }
    ]
}
