{
  "name": "残响回廊-3",
  "author": "Starry-Wind,五月,雪见璃,小明,CDCP",
  "start": [
    {"map": 1},
    {"temp\\map_2-3_point_2.jpg": 1.5},
    {"temp\\map_2-3_point_3.jpg": 1.5},
    {"temp\\transfer.jpg": 1.5}
  ],
  "map": [
    {
      "w": 7.213360786437988
    },
    {
      "s": 0.6492950916290283
    },
    {
      "a": 1.7122056484222412
    },
    {
      "w": 5.096607208251953
    },
    {
      "fighting": 2
    },
    {
      "s": 0.52719135284424
    },
    {
      "a": 5.282719135284424
    },
    {
      "d": 0.6610024929046631
    },
    {
      "w": 6.009446859359741
    },
    {
      "fighting": 2
    },
    {
      "mouse_move": 800
    },
    {
      "w": 2.8255770206451416
    },
    {
      "fighting": 2
    },
    {
      "w": 1.0014380931854248
    },	
    {
      "fighting": 1
    },
    {
      "w": 1.0514380931854248
    },
    {
      "a": 2.5240838527679443
    },
    {
      "w": 5.487821578979492
    },
	
    {
      "d": 4.721492290496826
    },
	{
      "mouse_move": 2800
    },
    {
      "w": 4.855590057373047
    },
    {
      "d": 1.555590057373047
    },	
    {
      "fighting": 1
    },
    {
      "w": 2.855590057373047
    },
    {
      "fighting": 2
    }	
  ]
}
