{
  "name": "永冬岭-1",
  "author": "Starry-Wind,小明",
  "start": [
    {"map": 1},
    {"temp\\orientation_1.png": 1.5},
    {"temp\\orientation_3.png": 1.5},
    {"temp\\map_2-4.png": 2},
    {"temp\\map_2-4_point_1.png": 1.5},
    {"temp\\map_2-4_point_2.png": 1.5},
    {"temp\\transfer.jpg": 1.5}
  ],
  "map": [
    {
      "w": 8.401215362548828
    },
    {
      "a": 6.834416484832764
    },
    {
      "fighting": 1
    },
    {
      "s": 0.6010779857635498
    },
    {
      "a": 4.4010779857635498
    },
    {
      "w": 0.6010779857635498
    },
    {
      "a": 1.9010779857635498
    },
    {
      "fighting": 1
    }
  ]
}
